{"cameraMode":{"drawMode":0,"name":"Shaded","section":"Shading Mode"},"sceneLighting":true,"audioPlay":false,"sceneViewState":{"showFog":true,"showMaterialUpdate":false,"showSkybox":true,"showFlares":true,"showImageEffects":false,"showParticleSystems":true},"in2DMode":false,"pivot":{"x":415.172607421875,"y":60.03077697753906,"z":299.7615966796875},"rotation":{"x":-0.22486303746700288,"y":0.7505307197570801,"z":-0.31511014699935915,"w":-0.5355799794197083},"size":125.11546325683594,"orthographic":false}